<?xml version="1.0"?>
<module>
 <function id="forward_kernel">
  <arg id="P0" interface_type="array" interface_typename="float*" interface_typename_orig="float (*)" size="3880564" interface_typename_include=""/>
  <arg id="P1" interface_type="array" interface_typename="float*" interface_typename_orig="float (*)" size="22928" interface_typename_include=""/>
  <arg id="P2" interface_type="array" interface_typename="float*" interface_typename_orig="float (*)" size="43328" interface_typename_include=""/>
  <arg id="P3" interface_type="array" interface_typename="float*" interface_typename_orig="float (*)" size="43328" interface_typename_include=""/>
  <arg id="P4" interface_type="array" interface_typename="float*" interface_typename_orig="float (*)" size="7333264" interface_typename_include=""/>
  <arg id="P5" interface_type="array" interface_typename="float*" interface_typename_orig="float (*)" size="16" interface_typename_include=""/>
 </function>
</module>
